grocery store code,candid x (longitude),candid y (latitude),name
egs120950001,-81.46916,28.65027,walmart
egs120950005,-81.21755,28.56649,walmart
egs120950006,-81.28762,28.47393,walmart
egs120950009,-81.47639,28.44046,walmart
egs120950010,-81.53168,28.54958,walmart
egs120950011,-81.62866,28.47454,walmart
egs120950012,-81.36464,28.36543,walmart
egs120950015,-81.46213,28.51566,walmart
egs120950018,-81.42492,28.44824,walmart
egs120950019,45.0,28.475,walmart
egs120950020,-81.31229,28.50458,walmart
egs120950021,-81.41814,28.5714,walmart
egs120950024,-81.55638,28.37147,beaches & cream soda shop
egs120950026,-81.60145,28.35127,harambe fruit market
egs120950031,-81.61386,28.34906,publix
egs120950037,-81.50383,28.37294,lake buena vista supermarket
egs120950038,-81.50257,28.36746,haji q
egs120950106,-81.3982,28.36539,sunny market trading
egs120950107,-81.43774,28.35669,gia foods
egs120950108,-81.40315,28.36194,everest market
egs120950109,-81.4245,28.36427,o mercado
egs120950111,-81.4072,28.3695,target
egs120950115,-81.42449,28.36194,publix
egs120950129,-81.36688,28.36299,publix
egs120950135,-81.21136,28.35683,lake nona farmer's market
egs120950141,-81.24649,28.36455,publix
egs120950146,-81.61872,28.5166,publix
egs120950147,-81.58103,28.43387,cast connection
egs120950148,-81.58363,28.45858,maritza m martinez de morrell
egs120950149,-81.5614,28.44759,lakeside village center
egs120950150,-81.5615,28.44678,publix
egs120950151,-81.48695,28.39271,aldi
egs120950152,-81.48562,28.39544,target
egs120950153,-81.46457,28.39489,farmers market
egs120950154,-81.50303,28.39029,orlando market
egs120950155,-81.53416,28.40364,michael d wharton flea market
egs120950156,-81.4961,28.38596,kate spade new york outlet
egs120950157,-81.46542,28.39362,iga
egs120950158,-81.50621,28.38932,zainab market
egs120950159,-81.50051,28.386,vista foods
egs120950160,-81.50657,28.37908,s&a streamers market
egs120950161,-81.50618,28.38512,five flowers supermarket
egs120950162,-81.48588,28.38709,publix
egs120950163,-81.50461,28.39247,winn-dixie
egs120950164,-81.50315,28.38303,goodings supermarket
egs120950165,-81.47751,28.45405,india spice house
egs120950166,-81.48896,28.45457,publix
egs120950167,-81.47076,28.4454,gooding's supermarkets
egs120950168,-81.4645,28.45437,eandr quality foods
egs120950169,-81.48128,28.44989,bfy management group
egs120950170,-81.49668,28.45046,trader joe's
egs120950171,-81.48654,28.45059,vines wine and spirits
egs120950172,-81.47113,28.44068,goodies supermarket
egs120950173,-81.46245,28.42372,market plaza shop
egs120950174,-81.48971,28.45354,publix
egs120950175,-81.47698,28.44936,whole foods
egs120950176,-81.48961,28.45237,chamberlin's natural foods
egs120950177,-81.48676,28.44905,publix
egs120950178,-81.58737,28.52161,world market
egs120950179,-81.54632,28.53451,april ida ribas flea market
egs120950180,-81.59228,28.48992,market launcher
egs120950181,-81.58547,28.52106,target
egs120950182,-81.58369,28.47692,publix
egs120950183,-81.53999,28.5322,publix
egs120950184,-81.49774,28.51691,turn key marketing services
egs120950185,-81.48048,28.54024,lazaro gomez flea market
egs120950186,-81.48845,28.47902,salime
egs120950187,-81.4895,28.51503,e & r quality foods
egs120950188,-81.4854,28.50707,nbi juiceworks
egs120950189,-81.53465,28.49409,windermere farmer's market
egs120950190,-81.50537,28.47386,plaza lorenzo
egs120950191,-81.49231,28.49257,fresh market
egs120950192,-81.46268,28.51748,silva's market
egs120950193,-81.507,28.49557,walmart neighborhood market
egs120950194,-81.47101,28.52712,y&w food
egs120950195,-81.50862,28.48971,publix
egs120950196,-81.46117,28.53811,holsons meat & farmers market
egs120950197,-81.45986,28.53795,r&r indian grocery
egs120950198,-81.47014,28.52515,winn-dixie
egs120950199,-81.46004,28.51048,brazil food mart
egs120950200,-81.48369,28.51531,publix
egs120950201,-81.46088,28.49514,publix
egs120950202,-81.5835,28.55503,choice meats
egs120950203,-81.54501,28.55168,ramko west indian store
egs120950204,-81.54277,28.55759,mi ranchito meat market
egs120950205,-81.57582,28.57498,tropic save supermarket 2
egs120950206,-81.5836,28.56533,ready-reddi
egs120950207,-81.60337,28.56912,terrence w burke flea market
egs120950208,-81.58993,28.55112,angel food ministries
egs120950209,-81.5444,28.62181,rightway foods
egs120950210,-81.55043,28.57365,mi pueblito tinda mexicana
egs120950211,-81.54459,28.57383,a plus supermarket
egs120950212,-81.58354,28.55896,suns market
egs120950213,-81.59456,28.55832,bradley's market
egs120950214,-81.58441,28.55738,bravo supermarkets
egs120950215,-81.56737,28.55105,conoley citrus packers
egs120950216,-81.59094,28.56459,local butcher and market winter garden
egs120950217,-81.54537,28.57315,quadro supermarket
egs120950218,-81.58471,28.5565,tex west indian store
egs120950219,-81.59211,28.5521,aldi
egs120950220,-81.56523,28.56587,community grocery
egs120950221,-81.58052,28.55118,save-a-lot
egs120950222,-81.58384,28.56519,tn food grocery
egs120950223,-81.54959,28.60424,publix
egs120950224,-81.58922,28.54932,publix
egs120950225,-81.58419,28.5565,tortilleria la mexicana
egs120950226,-81.46477,28.55205,los paises supermarket
egs120950227,-81.46881,28.55226,colonial grocery deli & bodega
egs120950228,-81.46731,28.55226,colonial farmer's market
egs120950229,-81.47872,28.55194,fancy fruit and produce
egs120950230,-81.50622,28.55199,model home market
egs120950231,-81.47596,28.57947,r & r of orlando food
egs120950232,-81.47613,28.57988,h & m caribbean food
egs120950233,-81.47596,28.58093,prestige caribbean food
egs120950234,-81.534,28.59993,de neef village store
egs120950235,-81.52535,28.57365,auntie b's produce
egs120950236,-81.52335,28.54663,park ridge grocery
egs120950237,-81.49107,28.55028,walmart neighborhood market
egs120950238,-81.50849,28.55091,aldi
egs120950239,-81.46659,28.57853,save-a-lot
egs120950240,-81.46848,28.55321,save-a-lot
egs120950241,-81.51623,28.57488,publix
egs120950242,-81.47433,28.57925,bravo supermarket
egs120950243,-81.50614,28.55303,publix
egs120950244,-81.50944,28.68732,maters & taters produce
egs120950245,-81.50923,28.70502,albertsons
egs120950246,-81.51455,28.70178,mary ann larusso flea market
egs120950247,-81.51099,28.66699,sonny's produce
egs120950248,-81.48518,28.67287,fiesta mexi
egs120950249,-81.51325,28.67388,shoppes of apopka
egs120950250,-81.5093,28.66166,francois food market
egs120950251,-81.51011,28.67309,san miguel supermarket
egs120950252,-81.53059,28.68434,1023 food
egs120950253,-81.55337,28.68854,coca-cola foods
egs120950254,-81.50743,28.67843,fresh market
egs120950255,-81.46237,28.64132,harvest valley ii
egs120950256,-81.46806,28.65229,apopka market place
egs120950257,-81.46601,28.65265,sunbelt natural foods
egs120950258,-81.47939,28.67228,aldi
egs120950259,-81.47601,28.67261,los girasoles supermarket and restaurant
egs120950260,-81.54718,28.69028,la parada mexicana deli mart
egs120950261,-81.51144,28.65749,ray's grocery
egs120950262,-81.48517,28.67266,rja foodmart
egs120950263,-81.50918,28.6673,la taxqvena
egs120950264,-81.49416,28.67421,save-a-lot
egs120950265,-81.46531,28.67377,compare supermarket
egs120950266,-81.49412,28.67188,bravo supermarket
egs120950267,-81.51149,28.67245,ace meat and grocery
egs120950268,-81.50319,28.67375,mi mexico
egs120950269,-81.51149,28.66632,central grocery
egs120950270,-81.55735,28.69093,xochitl grocery store
egs120950271,-81.53728,28.68806,winn-dixie
egs120950272,-81.508,28.70736,publix
egs120950273,-81.62416,28.77408,mt dora food mart
egs120950274,-81.62296,28.77978,publix
egs120950275,-81.60585,28.73077,ziggy's food shack
egs120950276,-81.60968,28.74469,finer gourmet foods
egs120950277,-81.50872,28.7138,trader maes furniture and decor market
egs120950278,-81.45508,28.40597,king garib
egs120950279,-81.40471,28.39873,iga
egs120950280,-81.39628,28.40673,roma food group
egs120950281,-81.42541,28.3808,produce market & halal meat
egs120950282,-81.42541,28.3808,all natural food
egs120950283,-81.40401,28.40175,bangla bazaar international foods
egs120950284,-81.40563,28.39875,jumbo meat fish and produce
egs120950285,-81.40565,28.38016,meat emporium
egs120950286,-81.40304,28.3774,sedano's
egs120950287,-81.40451,28.40314,ar grocery
egs120950288,-81.4044,28.38579,aldi
egs120950289,-81.40595,28.38249,walmart neighborhood market
egs120950290,-81.40795,28.40729,deguzman oriental food mart
egs120950291,-81.40473,28.40176,la hacienda meat market
egs120950292,-81.40591,28.39711,everest market
egs120950293,-81.40421,28.39547,bombay bazaar
egs120950294,-81.44822,28.40737,publix
egs120950295,-81.40279,28.38866,publix
egs120950296,-81.38539,28.45096,aldi
egs120950297,-81.44648,28.45102,tangelo food store
egs120950298,-81.40087,28.44968,kroger
egs120950299,-81.4295,28.44436,all natural food
egs120950300,-81.40685,28.45378,publix
egs120950301,-81.4144,28.45781,proficient food
egs120950302,-81.40103,28.46066,british food imports
egs120950303,-81.40365,28.44176,shoe land
egs120950304,-81.4118,28.44982,quirch foods
egs120950305,-81.40629,28.44958,publix
egs120950306,-81.43882,28.45395,abc cash and carry
egs120950307,-81.40418,28.44844,patel brothers
egs120950308,-81.40356,28.44094,gfs marketplace
egs120950309,-81.40583,28.42446,apna bazar
egs120950310,-81.40432,28.42307,jm oriental market
egs120950311,-81.41645,28.44784,majestic foods
egs120950312,-81.44454,28.42703,publix
egs120950313,-81.39821,28.45476,publix
egs120950314,-81.35927,28.45833,james hughes food cart
egs120950315,-81.36673,28.41416,bimbo foods
egs120950316,-81.37265,28.41499,goya foods of florida
egs120950317,-81.34821,28.43601,basciani foods
egs120950318,-81.36764,28.42894,aman food mart
egs120950319,-81.45322,28.46227,brazilian food market
egs120950320,-81.43006,28.49367,target
egs120950321,-81.45569,28.46326,seabra foods orlando
egs120950322,-81.42774,28.47322,bravo supermarket
egs120950323,-81.42814,28.47222,oakridge onestop
egs120950324,-81.4422,28.47881,millenia grocery
egs120950325,-81.42886,28.47198,la suprema grocery
egs120950326,-81.45335,28.46189,supermercado brasileiro
egs120950327,-81.38408,28.46542,plaza romeo
egs120950328,-81.39868,28.49808,eben ezer market
egs120950329,-81.39297,28.47721,richard's produce
egs120950330,-81.40841,28.47245,economy farmers market
egs120950331,-81.39695,28.4938,quadro supermarket 3
egs120950332,-81.39693,28.49345,southwest mega meats
egs120950333,-81.40184,28.49245,sharon m thomas flea market
egs120950334,-81.3969,28.48877,singh brothers flea market
egs120950335,-81.39567,28.47255,la marketa supermarket
egs120950336,-81.4114,28.47243,la mexicana meat market
egs120950337,-81.3948,28.46531,oether foods
egs120950338,-81.40841,28.48663,mi bandera supermarket
egs120950339,-81.39767,28.49902,chris food mart
egs120950340,-81.38519,28.46537,dream caribbean supermarket
egs120950341,-81.38404,28.47241,chevron orlando
egs120950342,-81.39696,28.49778,el campestre latin food
egs120950343,-81.39904,28.49637,save-a-lot
egs120950344,-81.39605,28.49771,aldi
egs120950345,-81.39589,28.46924,house of spices
egs120950346,-81.40907,28.4732,grocery box
egs120950347,-81.40694,28.4859,lamour super market
egs120950348,-81.39641,28.47738,el toro supermarket
egs120950349,-81.41621,28.47282,mi bandera supermarket
egs120950350,-81.41107,28.47129,busy bee supermarket
egs120950351,-81.39642,28.48242,nellys sandwich house
egs120950352,-81.39579,28.46399,winn-dixie
egs120950353,-81.38633,28.46644,plaza tropical supermarket
egs120950354,-81.41547,28.48777,publix
egs120950355,-81.41791,28.53147,mike's food star
egs120950356,-81.4054,28.53242,goma peace food store
egs120950357,-81.43357,28.52877,vereen grocery
egs120950358,-81.38182,28.51503,express fruit
egs120950359,-81.38182,28.51503,mr greenjeans produce
egs120950360,-81.41247,28.54366,grocery delivery for you
egs120950361,-81.38898,28.53664,adam food store
egs120950362,-81.38832,28.53825,lazarous grocery
egs120950363,-81.39569,28.51458,mega market
egs120950364,-81.38136,28.52601,aida's latin foods
egs120950365,-81.38168,28.51651,pay-less wholesale cash & carry foods
egs120950366,-81.41792,28.5332,best food market
egs120950367,-81.44742,28.54164,pine food mart
egs120950368,-81.4213,28.52702,big earl's
egs120950369,-81.43363,28.50833,pastry chef resource
egs120950370,-81.41653,28.52774,walmart neighborhood market
egs120950371,-81.39301,28.53308,big b supermarket
egs120950372,-81.4508,28.54069,kiki caribbean market
egs120950373,-81.43244,28.50868,international food club
egs120950374,-81.3928,28.52648,gw corner market
egs120950375,-81.3985,28.54441,jack's caribbean market
egs120950376,-81.40099,28.5165,rio grande grocery store
egs120950377,-81.38724,28.54018,sy's supermarket
egs120950378,-81.42165,28.52732,washington shore supermarket
egs120950379,-81.4266,28.51746,save-a-lot
egs120950380,-81.38912,28.5305,al's food store
egs120950381,-81.38506,28.53834,sunlite jr food store
egs120950382,-81.3912,28.53925,jr's foodstore
egs120950383,-81.40122,28.51302,new way grocery
egs120950384,-81.4139,28.54024,west church food store
egs120950385,-81.42474,28.52697,sam's supermarket
egs120950386,-81.4012,28.51672,jacks caribbean & american market
egs120950387,-81.39686,28.51539,young's market & deli
egs120950388,-81.39872,28.53066,family foods supermarket
egs120950389,-81.36862,28.47065,equisite foods
egs120950390,-81.37652,28.47277,placita produce
egs120950391,-81.37649,28.47277,buena vista grocery
egs120950392,-81.31547,28.49519,conoley fruit harvesters
egs120950393,-81.37417,28.47855,nuchia food
egs120950394,-81.37007,28.47811,edgewood farmers market
egs120950395,-81.31009,28.49492,fonda el criollito restaurant
egs120950396,-81.3115,28.49779,walmart neighborhood market
egs120950397,-81.36898,28.47195,friendly market
egs120950398,-81.3294,28.48162,publix
egs120950399,-81.34211,28.52421,clemons produce
egs120950400,-81.37444,28.54137,ideal foods
egs120950401,-81.37635,28.51849,tinkas fruits nuts
egs120950402,-81.37998,28.51279,harvest food center
egs120950403,-81.37232,28.54132,fit girl catering and events
egs120950404,-81.3692,28.54234,central city market
egs120950405,-81.37942,28.51573,target
egs120950406,-81.37533,28.51175,walmart neighborhood market
egs120950407,-81.37122,28.51292,luihn foods
egs120950408,-81.3547,28.52405,sunshine food store
egs120950409,-81.34416,28.52361,nature's market
egs120950410,-81.34347,28.52509,bally food mart
egs120950411,-81.37272,28.54223,publix
egs120950412,-81.37367,28.51004,publix
egs120950413,-81.34475,28.52366,winn-dixie
egs120950414,-81.3328,28.52422,plaza mexi
egs120950415,-81.31069,28.54175,fems mini mart
egs120950416,-81.31033,28.52607,global food
egs120950417,-81.33101,28.50286,conway food mart
egs120950418,-81.33252,28.52402,grocery los hermanos
egs120950419,-81.32874,28.52419,morena food
egs120950420,-81.30914,28.539,las palmas deli mercado
egs120950421,-81.31137,28.52246,sedano's
egs120950422,-81.31202,28.51998,aldi
egs120950423,-81.30799,28.52274,el bravo supermarket
egs120950424,-81.31174,28.50349,publix
egs120950425,-81.33041,28.52174,publix
egs120950426,-81.23657,28.5107,aldi
egs120950427,-81.28781,28.52012,j. s. food & lotto
egs120950428,-81.26904,28.50985,sun light produce
egs120950429,-81.22411,28.40944,dillydilly
egs120950430,-81.24011,28.5244,ali meat industry
egs120950431,-81.28653,28.53916,adam halal meats & grocery
egs120950432,-81.28616,28.53916,fresh produce & fish market
egs120950433,-81.28943,28.51772,extra saving meat market
egs120950434,-81.24532,28.47724,harris teeter
egs120950435,-81.25696,28.43523,lavinap marketplace
egs120950436,-81.14655,28.5224,bumby food store
egs120950437,-81.16968,28.52353,toasty food
egs120950438,-81.18795,28.54286,baba food mart
egs120950439,-81.20812,28.53916,paramount butcher shop
egs120950440,-81.2583,28.51117,walmart neighborhood market
egs120950441,-81.2942,28.45277,price chopper
egs120950442,-81.28533,28.49238,taye's food mart
egs120950443,-81.28122,28.45711,publix
egs120950444,-81.28418,28.48948,save-a-lot
egs120950445,-81.28644,28.53638,save-a-lot
egs120950446,-81.27395,28.46422,aldi
egs120950447,-81.14937,28.53716,walmart neighborhood market
egs120950448,-81.23831,28.50869,publix
egs120950449,-81.15439,28.51397,publix
egs120950450,-81.26657,28.47034,publix
egs120950451,-81.24117,28.413,publix
egs120950452,-81.27423,28.5376,publix
egs120950453,-81.20875,28.53637,walmart neighborhood market
egs120950454,-81.26949,28.50911,latino grocery spanish food
egs120950455,-81.27629,28.54019,walmart neighborhood market
egs120950456,-81.19386,28.5256,publix
egs120950457,-81.2884,28.51359,fresco y mas
egs120950458,-81.27051,28.51078,publix
egs120950459,-81.38939,28.56551,unmatched nutrition
egs120950460,-81.41296,28.58543,otis spunkmeyer
egs120950461,-81.4304,28.55487,produce dept
egs120950462,-81.44759,28.54729,mohamed ghanie halal meats
egs120950463,-81.43971,28.54561,roadrunner food mart
egs120950464,-81.45769,28.55221,new golden sparkling supermarket
egs120950465,-81.38939,28.56583,college park makers market
egs120950466,-81.45105,28.57785,pine hill food mart
egs120950467,-81.39001,28.54568,p & d supermarket
egs120950468,-81.43057,28.56136,mercy food
egs120950469,-81.39137,28.54932,global food concepts
egs120950470,-81.45939,28.55306,shop & go superette
egs120950471,-81.45458,28.57806,olympia food store
egs120950472,-81.45408,28.55229,florida gift fruit shippers association
egs120950473,-81.4475,28.55358,blue crab produce market
egs120950474,-81.4178,28.55262,african choice food market
egs120950475,-81.45171,28.57679,caribbean market & farm
egs120950476,-81.45541,28.55142,aldi
egs120950477,-81.39315,28.55243,arena food store
egs120950478,-81.45034,28.55356,caribbean supercenter
egs120950479,-81.38904,28.54511,sunlite grocery
egs120950480,-81.45255,28.55099,tan tien oriental market
egs120950481,-81.40863,28.54466,caribbean food market
egs120950482,-81.45011,28.55235,1st oriental supermarket
egs120950483,-81.38888,28.56979,publix
egs120950484,-81.43952,28.61756,right way food store
egs120950485,-81.38531,28.60327,gold coast growers
egs120950486,-81.39648,28.6272,new york deli cafe
egs120950487,-81.4249,28.62586,market to win it
egs120950488,-81.41418,28.60945,sanchez lara family sprmkt
egs120950489,-81.42743,28.62616,lil champ 189
egs120950490,-81.44009,28.61796,colorado choice distributors
egs120950491,-81.42169,28.59778,harvest meat
egs120950492,-81.4183,28.59687,allstate food marketing
egs120950493,-81.41001,28.60711,mi mexico meat market
egs120950494,-81.45003,28.59632,fresh market
egs120950495,-81.42916,28.61075,publix
egs120950496,-81.40648,28.60321,l r mini mart
egs120950497,-81.3944,28.60468,walmart neighborhood market
egs120950498,-81.41622,28.61161,sacks grocery outlets
egs120950499,-81.43084,28.61054,save-a-lot
egs120950500,-81.3933,28.59656,myung sung grocery
egs120950501,-81.39362,28.59669,mediterranean deli
egs120950502,-81.42673,28.60786,las primas meat market
egs120950503,-81.45449,28.61215,walmart neighborhood market
egs120950504,-81.40927,28.60548,woo sung oriental food mart
egs120950505,-81.3425,28.55324,aldi
egs120950506,-81.37274,28.5684,ivanhoe grocery
egs120950507,-81.36331,28.55318,food city
egs120950508,-81.36447,28.56004,mills50 community market
egs120950509,-81.36442,28.55559,international food usa
egs120950510,-81.37292,28.56417,iga
egs120950511,-81.35193,28.54685,lee tg foods
egs120950512,-81.36448,28.554,trung my
egs120950513,-81.37918,28.55538,virgin olive market
egs120950514,-81.34553,28.55615,target
egs120950515,-81.34378,28.56788,florida & co
egs120950516,-81.36442,28.56182,district market at mills 50
egs120950517,-81.34395,28.56788,east end market
egs120950518,-81.36557,28.56505,the fresh market
egs120950519,-81.37268,28.56817,artichoke red
egs120950520,-81.34847,28.55285,total wine & more
egs120950521,-81.36442,28.55538,british shoppe
egs120950522,-81.37079,28.5494,handy market
egs120950523,-81.36483,28.55562,dong a supermarket
egs120950524,-81.35548,28.55288,super oriental market
egs120950525,-81.36313,28.55312,saigon market
egs120950526,-81.36185,28.55299,publix
egs120950527,-81.31055,28.54518,la primiera grocery
egs120950528,-81.31058,28.54981,aladdin's bakery
egs120950529,-81.31354,28.56134,mi bodega latina
egs120950530,-81.30891,28.57648,walmart neighborhood market
egs120950531,-81.30559,28.57891,abumaher international grocery
egs120950532,-81.3101,28.56021,bravo supermarket
egs120950533,-81.31024,28.5452,la primera grocery & meat
egs120950534,-81.32684,28.56645,publix
egs120950535,-81.36558,28.62285,maitland farmers' market
egs120950536,-81.35733,28.59244,the meat house neighborhood butcher & grocer
egs120950537,-81.35696,28.60002,winter perk food mart
egs120950538,-81.36355,28.6233,hollieanna groves
egs120950539,-81.37492,28.59287,lombardi's seafood
egs120950540,-81.36549,28.59812,trader joe's
egs120950541,-81.36368,28.60659,whole foods
egs120950542,-81.36615,28.59152,publix
egs120950543,-81.3082,28.60416,la hacienda
egs120950545,-81.30697,28.59082,albertsons
egs120950546,-81.32192,28.60229,publix
egs120950547,-81.30912,28.60299,europol polish deli
egs120950549,-81.32503,28.60094,sprouts farmers market
egs120950558,-81.4149,28.63436,plaza latina meat market
egs120950578,-81.33972,28.63657,organic products marketplace
egs120950581,-81.36243,28.62892,publix
egs120950604,-81.28822,28.59528,target
egs120950605,-81.27945,28.56818,la mundial market
egs120950607,-81.29549,28.57875,food with care
egs120950608,-81.29323,28.60746,el pueblo mexican grocery
egs120950609,-81.28603,28.56417,international foodmart
egs120950610,-81.28992,28.55507,andrew weiss distribution
egs120950611,-81.2331,28.57093,aldi
egs120950612,-81.28299,28.56869,d'ocean fish market
egs120950613,-81.23055,28.56957,1st spring supermarket
egs120950614,-81.29327,28.60725,ny pizza baby
egs120950615,-81.29866,28.57897,circle r beef
egs120950616,-81.28599,28.57504,tienda jalisco
egs120950617,-81.2312,28.5708,bravo supermarket
egs120950618,-81.25866,28.5672,fish & oriental spices
egs120950619,-81.2884,28.59861,publix
egs120950620,-81.29799,28.60529,aldi
egs120950621,-81.23974,28.56979,green oriental market
egs120950623,-81.27813,28.56776,evan's food mart
egs120950624,-81.29466,28.57501,stop & shop
egs120950625,-81.28963,28.56851,m&m philippine mart
egs120950626,-81.2437,28.59628,indian market
egs120950627,-81.28699,28.58369,compare supermarket
egs120950628,-81.28595,28.55577,evans food mart
egs120950629,-81.27275,28.56869,deguzman oriental food mart
egs120950630,-81.24322,28.59892,publix
egs120950631,-81.20134,28.55225,target
egs120950632,-81.2112,28.59692,chinese grocery
egs120950633,-81.20533,28.5532,waterford lakes farmer's market
egs120950634,-81.19472,28.54853,meats & some more
egs120950635,-81.17497,28.56518,avalon product market
egs120950636,-81.18438,28.55401,greenoriental market
egs120950637,-81.2093,28.56569,lucky
egs120950638,-81.18579,28.56489,eastside asian market
egs120950639,-81.17362,28.56518,sunrise food mart
egs120950640,-81.16419,28.56624,aldi
egs120950641,-81.19696,28.56572,publix
egs120950643,-81.21008,28.59692,sahara knight discount beverage
egs120950644,-81.18362,28.56378,winn-dixie
egs120950645,-81.20138,28.54575,winn-dixie
egs120950647,-81.204,28.56796,publix
egs120950671,-81.11474,28.56487,crave the gourmet shop
egs120950672,-81.10089,28.55152,east colonial farmer's market
egs120950673,-80.99619,28.53677,christmas groceries
egs120950674,-81.13078,28.56219,publix
egs120950675,-81.1397,28.56332,bob's market
egs120970007,-81.31626,28.25516,walmart
egs120970008,-81.48632,28.34219,walmart
egs120970013,-81.4589,28.30235,walmart
egs120970014,-81.5905099999,28.32951,walmart
egs120970016,-81.44818,28.14318,walmart
egs120970017,-81.38657,28.34318,walmart
egs120970022,-81.61938,28.26279,publix
egs120970023,-81.61394,28.34416,target
egs120970025,-81.54072,28.31866,gooding's supermarkets
egs120970027,-81.5898200005,28.33429,ftw food
egs120970028,-81.5890700001,28.33356,iga
egs120970029,-81.6016900002,28.34432,s & l fruit stand
egs120970030,-81.5891700002,28.33314,king's supermarket
egs120970032,-81.5208100008,28.33417,publix
egs120970033,-81.4797500004,28.33448,holy land international supermarket
egs120970034,-81.5138999996,28.332,m & m foods
egs120970035,-81.48606,28.3449,fish & produce market
egs120970036,-81.5144499998,28.33317,gateway supermarket
egs120970039,-81.5009299995,28.33301,maingate at flea market prices
egs120970040,-81.4972100006,28.33302,indian well supermarket inc
egs120970041,-81.4863699999,28.33326,gifts four less
egs120970042,-81.4797600008,28.33398,jerusalem middle east market
egs120970043,-81.5159000001,28.33243,angelina gerena fruit stand
egs120970044,-81.49699,28.32383,fruits arrangements
egs120970045,-81.48828,28.34473,makkah food market
egs120970046,-81.5268900006,28.33142,publix
egs120970047,-81.488,28.34598,cairo market
egs120970048,-81.4717100001,28.33177,target
egs120970049,-81.4780200006,28.33428,publix
egs120970050,-81.14613,28.1903,town square market
egs120970051,-81.45104,28.14547,poinciana produce
egs120970052,-81.45034,28.12188,shanika haynes flea market
egs120970053,-81.29466,28.19647,publix
egs120970054,-81.43882,28.18148,publix
egs120970055,-81.4427,28.14689,j&r supermarket
egs120970056,-81.29416,28.19913,winn-dixie
egs120970057,-81.45145,28.14805,publix
egs120970058,-81.4366,28.28003,sobys
egs120970059,-81.43674,28.21452,dare foods
egs120970060,-81.43636,28.25917,rosie's supermarket
egs120970061,-81.31227,28.25067,st. cloud health foods
egs120970062,-81.4344,28.26182,publix
egs120970063,-81.31893,28.25514,hess station 09307
egs120970064,-81.35189,28.28442,znk minimarket
egs120970065,-81.43444,28.26179,taqueria casas
egs120970066,-81.41619,28.2898,la gran parada grocery
egs120970067,-81.31186,28.25014,mizu asian & latino supermarket
egs120970068,-81.34761,28.27972,publix
egs120970069,-81.31175,28.25218,aldi
egs120970070,-81.43796,28.26178,publix
egs120970071,-81.43574,28.23013,unidos poinciana
egs120970072,-81.31669,28.25119,publix
egs120970073,-81.39237,28.30423,forever young health foods ii
egs120970074,-81.39131,28.3251,iga
egs120970075,-81.44273,28.30456,queen fruit stand-osceola square mall
egs120970076,-81.40366,28.30294,nueva borinquena
egs120970077,-81.4247,28.30832,j&c produce & meat
egs120970078,-81.38993,28.30417,willer's supermarket
egs120970079,-81.40375,28.32377,el cafetal mini market
egs120970080,-81.4161,28.30388,a caribbean grocery store
egs120970081,-81.40372,28.3084,joy food stores
egs120970082,-81.41585,28.3052,kissimmee produce
egs120970083,-81.39126,28.31843,salam market
egs120970084,-81.40219,28.31307,key west market
egs120970085,-81.45397,28.30419,192 flea market
egs120970086,-81.40252,28.29477,j & b mini mart
egs120970087,-81.45867,28.30445,aldi
egs120970088,-81.43656,28.30802,dyer food mart
egs120970089,-81.40375,28.32408,phil-asian food mart
egs120970090,-81.38108,28.30375,kissimmee meat & produce
egs120970091,-81.42646,28.30489,jason's best asian market
egs120970092,-81.41705,28.30192,sedano's
egs120970093,-81.4172,28.30294,chamberlin's market & cafe
egs120970094,-81.43531,28.30634,walmart neighborhood market
egs120970095,-81.40463,28.30731,save-a-lot
egs120970096,-81.44604,28.3039,bravo supermarket
egs120970097,-81.44704,28.31435,family grocery & services
egs120970098,-81.41532,28.30845,columbia food mart
egs120970099,-81.39499,28.31868,mi tiendita peruana
egs120970100,-81.44886,28.30513,the euro market
egs120970101,-81.41063,28.30481,medina bazaar
egs120970102,-81.39897,28.30486,la placita latina
egs120970103,-81.41785,28.30869,publix
egs120970104,-81.40747,28.33936,the fresh market
egs120970105,-81.38854,28.33922,thrifty fancy produce
egs120970110,-81.39803,28.33696,tomato express
egs120970112,-81.4320700004,28.33917,publix
egs120970113,-81.38784,28.33954,bravo supermarket
egs120970114,-81.3897100003,28.33663,plaza popular supermarket
egs120970116,-81.33738,28.32026,publix
egs120970117,-81.33834,28.32082,boggy creek marketplace
egs120970118,-81.33791,28.32139,ramirez group
egs120970119,-81.36059,28.34471,h s foods
egs120970120,-81.36653,28.34527,osceola produce supermarket
egs120970121,-81.35346,28.30427,gary's garden of eat'in
egs120970122,-81.36284,28.34702,aldi
egs120970123,-81.36621,28.30419,boggy creek food store
egs120970124,-81.32866,28.34205,walmart neighborhood market
egs120970125,-81.34011,28.32051,la caribena
egs120970126,-81.36385,28.34711,aldi
egs120970127,-81.34773,28.30556,gyro to go & market
egs120970128,-81.36096,28.34376,el aguila supermarket
egs120970130,-81.25453,28.24592,aldi
egs120970131,-81.28815,28.24888,10th street produce
egs120970132,-81.22443,28.24424,ganesh in cloud
egs120970133,-81.2964,28.24588,thrifty specialty produce & meats
egs120970134,-81.19177,28.23568,downtown market
egs120970136,-81.2992699998,28.33542,v g s farmer's market
egs120970137,-81.2889,28.24606,borinquen groceries & video
egs120970138,-81.23941,28.29798,narcoossee grocery
egs120970139,-81.29386,28.22309,walmart neighborhood market
egs120970140,-81.2889,28.24606,st cloud supermarket
egs120970142,-81.20674,28.24132,jiffy foods
egs120970143,-81.2427,28.2477,publix
egs120970144,-81.27979,28.24643,save-a-lot
egs120970145,-81.24531,28.24736,winn-dixie
egs121170002,-81.3288,28.80289,walmart
egs121170003,-81.321,28.63605,walmart
egs121170004,-81.26169,28.61745,walmart
egs121170544,-81.32395,28.62133,opportunities-smg
egs121170548,-81.31684,28.62644,publix
egs121170550,-81.38468,28.66239,stop & shop
egs121170551,-81.44724,28.6938,365 hunt club market
egs121170552,-81.45582,28.67074,walmart neighborhood market
egs121170553,-81.42107,28.66549,fancy fruit and produce
egs121170554,-81.41282,28.67127,longwood nursery & flea market
egs121170555,-81.39036,28.67372,elite foods orlando
egs121170556,-81.3937,28.68793,petty's meat market
egs121170557,-81.41346,28.64464,publix
egs121170559,-81.45916,28.64373,three star flea market
egs121170560,-81.3868,28.69186,pickles authentic new york delicatessen
egs121170561,-81.4537,28.67055,sustain natural market
egs121170562,-81.41791,28.66298,target
egs121170563,-81.42062,28.66434,aldi
egs121170564,-81.41905,28.66907,stop n shop
egs121170565,-81.42156,28.65721,winn-dixie
egs121170566,-81.40383,28.68656,chamberlin's market & cafe
egs121170567,-81.40382,28.68799,publix
egs121170568,-81.41897,28.68186,publix
egs121170569,-81.45616,28.70934,publix
egs121170570,-81.45089,28.6716,publix
egs121170571,-81.41511,28.64545,publix
egs121170572,-81.3733,28.66513,publix
egs121170573,-81.34096,28.66163,kash n' karry
egs121170574,-81.32414,28.64832,save-a-lot
egs121170575,-81.32963,28.65262,family produce market
egs121170576,-81.38024,28.66317,whole foods
egs121170577,-81.34972,28.66531,sophia food store
egs121170579,-81.35222,28.66283,gfs marketplace
egs121170580,-81.34986,28.65272,winn-dixie
egs121170582,-81.33249,28.6979,europe market
egs121170583,-81.3752,28.67178,e foods
egs121170584,-81.34083,28.69787,sunshine market ing
egs121170585,-81.3625,28.69777,green farm
egs121170586,-81.3218,28.69357,shop 'n save
egs121170587,-81.33961,28.70823,criollo supermarket
egs121170588,-81.32704,28.70248,tomatoes & more
egs121170589,-81.34627,28.69559,greater lifestyle foods
egs121170590,-81.32877,28.69791,fancy fruits & produce
egs121170591,-81.34045,28.67169,target
egs121170592,-81.33249,28.6979,tima's house-euro-balkan grocery
egs121170593,-81.34635,28.70105,wild hare kitchen and garden emporium
egs121170594,-81.3459,28.69201,q mart grocery
egs121170595,-81.30709,28.69854,winter spring food market
egs121170596,-81.34614,28.69651,longwood discount beverage
egs121170597,-81.36096,28.69827,winn-dixie
egs121170598,-81.34635,28.69679,kosher kats marketplace
egs121170599,-81.32795,28.69936,las americas grocery & deli
egs121170600,-81.33215,28.69784,spice house
egs121170601,-81.32795,28.70008,save-a-lot
egs121170602,-81.32201,28.69654,winn-dixie
egs121170603,-81.33444,28.67869,publix
egs121170606,-81.28101,28.61142,publix
egs121170622,-81.26064,28.62023,publix
egs121170642,-81.20872,28.61336,walmart neighborhood market
egs121170646,-81.2064,28.61312,publix
egs121170648,-81.26351,28.69564,aldi
egs121170649,-81.29053,28.64129,forex trader diary
egs121170650,-81.24348,28.68625,jamie renee marlett farmers
egs121170651,-81.2616,28.6982,murphey's premium pet food market
egs121170652,-81.20829,28.65471,sprouts farmers market
egs121170653,-81.30127,28.70026,opportunities smg
egs121170654,-81.15713,28.65203,riverside market
egs121170655,-81.22789,28.65332,cavallari gourmet
egs121170656,-81.23475,28.6645,chamberlins market & cafe
egs121170657,-81.22214,28.66526,food safety training
egs121170658,-81.23565,28.65777,target
egs121170659,-81.26669,28.6478,fresh market
egs121170660,-81.2106,28.6703,southeastern meat association
egs121170661,-81.20923,28.65258,aldi
egs121170662,-81.20834,28.68437,niki food store
egs121170663,-81.26382,28.69914,publix
egs121170664,-81.27812,28.64829,walmart neighborhood market
egs121170665,-81.17867,28.66093,publix
egs121170666,-81.17815,28.65648,winn-dixie
egs121170667,-81.22548,28.66924,publix
egs121170668,-81.26971,28.64656,publix
egs121170669,-81.20552,28.65017,publix
egs121170670,-81.13895,28.64616,publix
egs121170676,-81.3318,28.75533,earth origins market
egs121170677,-81.34999,28.756,prayosha foods
egs121170678,-81.36184,28.73546,kroger
egs121170679,-81.35824,28.76091,pure markets
egs121170680,-81.34851,28.75277,farmer's treasures
egs121170681,-81.35994,28.74009,horizon foods
egs121170682,-81.32586,28.77295,reliv independent distributors
egs121170683,-81.32414,28.78253,seven circle food mart
egs121170684,-81.36512,28.7753,mediterranean gold olive oil
egs121170685,-81.36819,28.73565,digital juice
egs121170686,-81.35828,28.75429,fresh market
egs121170687,-81.34893,28.75458,target
egs121170688,-81.30471,28.78391,walmart neighborhood market
egs121170689,-81.32211,28.75766,lake mary farmer's market
egs121170690,-81.31649,28.79035,upsala grocery
egs121170691,-81.33181,28.75536,health nut express
egs121170692,-81.35714,28.78741,publix
egs121170693,-81.34954,28.75458,publix
egs121170694,-81.3457,28.78121,publix
egs121170695,-81.30444,28.73743,publix
egs121170696,-81.36937,28.75727,winn-dixie
egs121170697,-81.37155,28.81302,tami walker flea market
egs121170698,-81.37151,28.82925,waterkist farm
egs121170699,-81.33622,28.79999,nap seminole market place
egs121170700,-81.32964,28.82041,nutty bavarian
egs121170701,-81.34019,28.8051,monster martial arts
egs121170702,-81.33726,28.79842,target
egs121170703,-81.31948,28.80161,schwann sales
egs121170704,-81.32369,28.81224,aldi
egs121170705,-81.35346,28.81265,publix
egs121170706,-81.28234,28.75992,walmart
egs121170707,-81.22929,28.7868,family grocery
egs121170708,-81.29734,28.80476,geneva foods
egs121170709,-81.28823,28.75503,discount grocery fruit
egs121170710,-81.27302,28.78303,fresh seafood & grocery
egs121170711,-81.27313,28.79909,best of all retails
egs121170712,-81.26933,28.7569,red hill groves
egs121170713,-81.25873,28.73848,hopkins meat packing
egs121170714,-81.28708,28.80071,southwest food mart
egs121170715,-81.28342,28.79984,golds boro food mart
egs121170716,-81.27144,28.80078,food with care
egs121170717,-81.26477,28.78701,baggs produce
egs121170718,-81.25937,28.78898,stricklands meat market
egs121170719,-81.27516,28.77807,save-a-lot
egs121170720,-81.27905,28.76224,soulfire foods
egs121170721,-81.29333,28.75785,lake mary food mart
egs121170722,-81.26713,28.81175,le chic bazaar
egs121170723,-81.28972,28.75567,deguzman oriental food mart
egs121170724,-81.27831,28.77216,bravo supermarket
egs121170725,-81.29243,28.77476,sunshine discount
egs121170726,-81.28464,28.75947,aldi
egs121170727,-81.27343,28.78719,save-a-lot
egs121170728,-81.29332,28.7462,paradise popcorn
egs121170729,-81.29031,28.75018,kwik stop food store
egs121170730,-81.26494,28.80932,jaly fresh market
egs121170731,-81.27465,28.79802,winn-dixie
egs121170732,-81.11792,28.74166,geneva grocery & feed
egs121170733,-81.11554,28.73367,geneva general store
